"Date	ActualValue5	ForecastValue5	PreviousValue5"
"2024.05.22	1.825	0.462	-2.508"
"2024.05.15	-2.508	3.425	-1.362"
"2024.05.08	-1.362	-0.608	7.265"
"2024.05.01	7.265	-0.507	-6.368"
"2024.04.24	-6.368	1.040	2.735"
"2024.04.17	2.735	1.175	5.841"
"2024.04.10	5.841	1.211	3.210"
"2024.04.03	3.210	-9.809	3.165"
"2024.03.27	3.165	-7.972	-1.952"
"2024.03.20	-1.952	-2.267	-1.536"
"2024.03.13	-1.536	9.757	1.367"
"2024.03.06	1.367	4.491	4.199"
"2024.02.28	4.199	3.930	3.514"
"2024.02.22	3.514	6.807	12.018"
"2024.02.14	12.018	3.392	5.520"
"2024.02.07	5.520	-3.716	1.234"
"2024.01.31	1.234	-6.860	-9.233"
"2024.01.24	-9.233	-0.744	-2.492"
"2024.01.18	-2.492	4.112	1.338"
"2024.01.10	1.338	-2.280	-5.503"
"2024.01.04	-5.503	-2.499	-7.114"
"2023.12.28	-7.114	0.809	2.909"
"2023.12.20	2.909	1.263	-4.258"
"2023.12.13	-4.258	-0.069	-4.633"
"2023.12.06	-4.633	-0.450	1.610"
"2023.11.29	1.610	1.726	8.700"
"2023.11.22	8.700	1.915	3.592"
"2023.11.15	3.592		13.869"
"2023.11.08	13.869	2.262	0.773"
"2023.11.01	0.773	2.180	1.372"
"2023.10.25	1.372	1.388	-4.491"
"2023.10.18	-4.491	0.570	10.176"
"2023.10.12	10.176	-1.590	-2.224"
"2023.10.04	-2.224	-1.508	-2.169"
"2023.09.27	-2.169	-2.013	-2.136"
"2023.09.20	-2.136	-3.452	3.955"
"2023.09.13	3.955	-5.761	-6.307"
"2023.09.07	-6.307	-3.088	-10.584"
"2023.08.30	-10.584	-2.921	-6.134"
"2023.08.23	-6.134	-2.299	-5.960"
"2023.08.16	-5.960	-2.456	5.851"
"2023.08.09	5.851	-4.635	-17.049"
"2023.08.02	-17.049	-0.071	-0.600"
"2023.07.26	-0.600	0.229	-0.708"
"2023.07.19	-0.708	-0.905	5.946"
"2023.07.12	5.946	-2.156	-1.508"
"2023.07.06	-1.508	-0.729	-9.603"
"2023.06.28	-9.603	1.415	-3.831"
"2023.06.22	-3.831	1.873	7.919"
"2023.06.14	7.919	1.482	-0.452"
"2023.06.07	-0.452	1.152	4.489"
"2023.06.01	4.489	-1.101	-12.456"
"2023.05.24	-12.456	2.696	5.040"
"2023.05.17	5.040	0.169	2.951"
"2023.05.10	2.951	-1.923	-1.281"
"2023.05.03	-1.281	-2.846	-5.054"
"2023.04.26	-5.054	-3.064	-4.581"
"2023.04.19	-4.581	-3.526	0.597"
"2023.04.12	0.597	-3.820	-3.739"
"2023.04.05	-3.739	0.146	-7.489"
"2023.03.29	-7.489	1.272	1.117"
"2023.03.22	1.117	0.811	1.550"
"2023.03.15	1.550	0.064	-1.694"
"2023.03.08	-1.694	2.304	1.166"
"2023.03.01	1.166	2.011	7.647"
"2023.02.23	7.647	5.681	16.283"
"2023.02.15	16.283	-0.026	2.423"
"2023.02.08	2.423	-0.012	4.140"
"2023.02.01	4.140	0.045	0.533"
"2023.01.25	0.533	0.023	8.408"
"2023.01.19	8.408	9.749	18.961"
"2023.01.11	18.961	-0.075	1.694"
"2023.01.05	1.694	-0.076	0.718"
"2022.12.29	0.718	-0.048	-5.895"
"2022.12.21	-5.895	1.434	10.231"
"2022.12.14	10.231	-0.680	-5.186"
"2022.12.07	-5.186	-4.244	-12.581"
"2022.11.30	-12.581	0.032	-3.690"
"2022.11.23	-3.690	0.115	-5.400"
"2022.11.16	-5.400	0.132	3.925"
"2022.11.09	3.925	0.120	-3.115"
"2022.11.02	-3.115	0.114	2.588"
"2022.10.26	2.588	0.110	-1.725"
"2022.10.19	-1.725	1.820	9.879"
"2022.10.13	9.879	0.098	-1.356"
"2022.10.05	-1.356	0.097	-0.215"
"2022.09.28	-0.215	0.196	1.141"
"2022.09.21	1.141	0.092	2.442"
"2022.09.14	2.442	0.778	8.845"
"2022.09.08	8.845	0.080	-3.326"
"2022.08.31	-3.326	0.076	-3.282"
"2022.08.24	-3.282	0.051	-7.056"
"2022.08.17	-7.056	0.013	5.457"
"2022.08.10	5.457	-0.020	4.467"
"2022.08.03	4.467	-0.042	-4.523"
"2022.07.27	-4.523	-0.109	-0.445"
"2022.07.20	-0.445	-0.097	3.254"
"2022.07.13	3.254	0.262	8.234"
"2022.07.07	8.234	-0.078	-2.762"
"2022.06.29	-2.762	-5.836	1.956"
"2022.06.15	1.956	-0.005	2.025"
"2022.06.08	2.025	0.018	-5.068"
"2022.06.02	-5.068	-0.005	-1.019"
"2022.05.25	-1.019	-0.020	-3.394"
"2022.05.18	-3.394	0.750	8.487"
"2022.05.11	8.487	-0.062	1.303"
"2022.05.04	1.303	-0.101	0.691"
"2022.04.27	0.691	-0.117	-8.020"
"2022.04.20	-8.020	-0.120	9.382"
"2022.04.13	9.382	0.043	2.421"
"2022.04.06	2.421	0.042	-3.449"
"2022.03.30	-3.449	0.864	-2.508"
"2022.03.23	-2.508	1.818	4.345"
"2022.03.16	4.345	0.129	-1.863"
"2022.03.09	-1.863	-0.657	-2.597"
"2022.03.02	-2.597	-0.059	4.514"
"2022.02.24	4.514	-0.050	1.121"
"2022.02.16	1.121	-0.039	-4.756"
"2022.02.09	-4.756	-0.016	-1.047"
"2022.02.02	-1.047	0.009	2.377"
"2022.01.26	2.377	0.031	0.515"
"2022.01.20	0.515	0.046	-4.553"
"2022.01.12	-4.553	0.048	-2.144"
"2022.01.05	-2.144	0.035	-3.576"
"2021.12.29	-3.576	0.008	-4.715"
"2021.12.22	-4.715	-0.031	-4.584"
"2021.12.15	-4.584	-0.077	-0.241"
"2021.12.08	-0.241	-0.116	-0.909"
"2021.12.01	-0.909	-0.160	1.017"
"2021.11.24	1.017	-0.197	-2.101"
"2021.11.17	-2.101	-0.255	1.002"
"2021.11.10	1.002	-0.362	3.290"
"2021.11.03	3.290	-0.502	4.268"
"2021.10.27	4.268	-0.678	-0.431"
"2021.10.20	-0.431	-0.894	6.088"
"2021.10.14	6.088	-1.071	2.345"
"2021.10.06	2.345	-1.182	4.578"
"2021.09.29	4.578	-1.196	-3.481"
"2021.09.22	-3.481	-1.027	-6.422"
"2021.09.15	-6.422	-1.817	-1.528"
"2021.09.09	-1.528	-1.915	-7.169"
"2021.09.01	-7.169	-1.939	-2.980"
"2021.08.25	-2.980	-2.028	-3.233"
"2021.08.18	-3.233	-2.125	-0.448"
"2021.08.11	-0.448	-2.190	3.627"
"2021.08.04	3.627	-2.443	-4.089"
"2021.07.28	-4.089	-2.637	2.107"
"2021.07.21	2.107	-2.986	-7.896"
"2021.07.14	-7.896	-3.120	-6.866"
"2021.07.08	-6.866	-3.410	-6.718"
"2021.06.30	-6.718	-3.499	-7.614"
"2021.06.23	-7.614	-3.085	-7.355"
"2021.06.16	-7.355	-2.399	-5.241"
"2021.06.09	-5.241	-0.288	-5.079"
"2021.06.03	-5.079	-0.019	-1.662"
"2021.05.26	-1.662	0.053	1.320"
"2021.05.19	1.320	0.040	-0.426"
"2021.05.12	-0.426	0.004	-7.990"
"2021.05.05	-7.990	0.051	0.090"
"2021.04.28	0.090	1.180	0.594"
"2021.04.21	0.594	0.858	-5.890"
"2021.04.14	-5.890	-2.207	-3.522"
"2021.04.07	-3.522	0.518	-0.876"
"2021.03.31	-0.876	2.129	1.912"
"2021.03.24	1.912	8.070	2.396"
"2021.03.17	2.396	18.683	13.798"
"2021.03.10	13.798	9.319	21.563"
"2021.03.03	21.563	-2.986	1.285"
"2021.02.24	1.285	-4.755	-7.257"
"2021.02.18	-7.257	-5.171	-6.645"
"2021.02.10	-6.645	-2.808	-0.994"
"2021.02.03	-0.994	-2.971	-9.910"
"2021.01.27	-9.910	0.564	4.352"
"2021.01.22	4.352	-5.604	-3.248"
"2021.01.13	-3.248	-7.215	-8.010"
"2021.01.06	-8.010	-1.414	-6.065"
"2020.12.30	-6.065	4.003	-0.562"
"2020.12.23	-0.562	6.038	-3.135"
"2020.12.16	-3.135	7.783	15.189"
"2020.12.09	15.189	-0.671	-0.679"
"2020.12.02	-0.679	0.011	-0.754"
"2020.11.25	-0.754	2.518	0.769"
"2020.11.18	0.769	-1.860	4.277"
"2020.11.12	4.277	-1.899	-7.998"
"2020.11.04	-7.998	1.634	4.320"
"2020.10.28	4.320	-2.410	-1.002"
"2020.10.21	-1.002	-1.666	-3.818"
"2020.10.15	-3.818	-0.739	0.501"
"2020.10.07	0.501	-1.808	-1.980"
"2020.09.30	-1.980	-3.016	-1.639"
"2020.09.23	-1.639	-1.191	-4.389"
"2020.09.16	-4.389	-3.651	2.033"
"2020.09.10	2.033	-7.231	-9.362"
"2020.09.02	-9.362	-2.947	-4.689"
"2020.08.26	-4.689	-3.074	-1.632"
"2020.08.19	-1.632	-5.930	-4.512"
"2020.08.12	-4.512	-9.077	-7.373"
"2020.08.05	-7.373	-3.059	-10.611"
"2020.07.29	-10.611	-1.295	4.892"
"2020.07.22	4.892	-0.938	-7.493"
"2020.07.15	-7.493	-0.756	5.654"
"2020.07.08	5.654	-2.481	-7.195"
"2020.07.01	-7.195	-3.976	1.442"
"2020.06.24	1.442	-5.145	1.215"
"2020.06.17	1.215	-5.411	5.720"
"2020.06.10	5.720	-5.419	-2.077"
"2020.06.03	-2.077	-2.817	7.928"
"2020.05.28	7.928	0.874	-4.982"
"2020.05.20	-4.982	5.457	-0.745"
"2020.05.13	-0.745	8.427	4.590"
"2020.05.06	4.590	8.656	8.991"
"2020.04.29	8.991	8.457	15.022"
"2020.04.22	15.022	4.568	19.248"
"2020.04.15	19.248	2.692	15.177"
"2020.04.08	15.177	2.244	13.833"
"2020.04.01	13.833	2.531	1.623"
"2020.03.25	1.623	3.086	1.954"
"2020.03.18	1.954	2.792	7.664"
"2020.03.11	7.664	2.947	0.784"
"2020.03.04	0.784	-0.124	0.452"
"2020.02.26	0.452	-0.953	0.415"
"2020.02.20	0.415	-1.648	7.459"
"2020.02.12	7.459	-2.417	3.355"
"2020.02.05	3.355	-1.058	3.548"
"2020.01.29	3.548	-2.254	-0.405"
"2020.01.23	-0.405	-1.117	-2.549"
"2020.01.15	-2.549	-2.885	1.164"
"2020.01.08	1.164	-4.135	-11.463"
"2020.01.03	-11.463	-2.937	-5.474"
"2019.12.27	-5.474	-2.899	-1.085"
"2019.12.18	-1.085	-3.670	0.822"
"2019.12.11	0.822	-3.188	-4.856"
"2019.12.04	-4.856	0.695	1.572"
"2019.11.27	1.572	4.439	1.379"
"2019.11.20	1.379	1.096	2.219"
"2019.11.14	2.219	0.778	7.929"
"2019.11.06	7.929	3.412	5.702"
"2019.10.30	5.702	2.667	-1.699"
"2019.10.23	-1.699	2.015	9.281"
"2019.10.17	9.281	0.600	2.927"
"2019.10.09	2.927	-0.193	3.104"
"2019.10.02	3.104	-1.088	2.412"
"2019.09.25	2.412	-6.501	1.058"
"2019.09.18	1.058	-2.782	-6.912"
"2019.09.11	-6.912	-1.301	-4.771"
"2019.09.05	-4.771	-3.753	-10.027"
"2019.08.28	-10.027	-3.898	-2.732"
"2019.08.21	-2.732	-2.721	1.580"
"2019.08.14	1.580	-4.941	2.385"
"2019.08.07	2.385	-6.280	-8.496"
"2019.07.31	-8.496	-7.462	-10.835"
"2019.07.24	-10.835	-6.326	-3.116"
"2019.07.17	-3.116	-5.642	-9.499"
"2019.07.10	-9.499	-6.920	-1.085"
"2019.07.03	-1.085	-8.795	-12.788"
"2019.06.26	-12.788	-0.433	-3.106"
"2019.06.19	-3.106	4.484	2.206"
"2019.06.12	2.206	3.370	6.771"
"2019.06.05	6.771	2.212	-0.282"
"2019.05.30	-0.282	5.101	4.740"
"2019.05.22	4.740	0.770	5.431"
"2019.05.15	5.431	2.984	-3.963"
"2019.05.08	-3.963	8.242	9.934"
"2019.05.01	9.934	2.093	5.479"
"2019.04.24	5.479	2.796	-1.396"
"2019.04.17	-1.396	7.329	7.029"
"2019.04.10	7.029	5.042	7.238"
"2019.04.03	7.238	-3.398	2.800"
"2019.03.27	2.800	-7.155	-9.589"
"2019.03.20	-9.589	1.602	-3.862"
"2019.03.13	-3.862	-0.733	7.069"
"2019.03.06	7.069	0.682	-8.647"
"2019.02.27	-8.647	0.730	3.672"
"2019.02.21	3.672	0.773	3.633"
"2019.02.13	3.633	1.091	1.263"
"2019.02.06	1.263	4.215	0.919"
"2019.01.30	0.919	2.748	7.970"
"2019.01.24	7.970	-2.106	-2.683"
"2019.01.16	-2.683	1.930	-1.680"
"2019.01.09	-1.680	-0.019	0.007"
"2019.01.04	0.007	-0.261	-0.046"
"2018.12.28	-0.046	-0.829	-0.497"
"2018.12.19	-0.497	-4.182	-1.208"
"2018.12.12	-1.208	-1.922	-7.323"
"2018.12.06	-7.323	4.168	3.577"
"2018.11.28	3.577	7.409	4.851"
"2018.11.21	4.851	8.041	10.270"
"2018.11.15	10.270	4.509	5.783"
"2018.11.07	5.783	-0.107	3.217"
"2018.10.31	3.217	-0.062	6.346"
"2018.10.24	6.346	-0.320	6.490"
"2018.10.17	6.490	-0.281	5.987"
"2018.10.11	5.987	5.082	7.975"
"2018.10.03	7.975	-0.105	1.852"
"2018.09.26	1.852	-3.677	-2.057"
"2018.09.19	-2.057	-4.848	-5.296"
"2018.09.12	-5.296	-3.461	-4.302"
"2018.09.06	-4.302	-4.212	-2.566"
"2018.08.29	-2.566	0.461	-5.836"
"2018.08.22	-5.836	2.719	6.805"
"2018.08.15	6.805	1.213	-1.351"
"2018.08.08	-1.351	-1.174	3.803"
"2018.08.01	3.803	-0.189	-6.147"
"2018.07.25	-6.147	-3.401	5.836"
"2018.07.18	5.836	-6.182	-12.633"
"2018.07.11	-12.633	-4.324	1.245"
"2018.07.05	1.245	-8.239	-9.891"
"2018.06.27	-9.891	-5.096	-5.914"
"2018.06.20	-5.914	-1.033	-4.143"
"2018.06.13	-4.143	-0.774	2.072"
"2018.06.06	2.072	1.077	-3.620"
"2018.05.31	-3.620	2.214	5.778"
"2018.05.23	5.778	-1.791	-1.404"
"2018.05.16	-1.404	1.998	-2.197"
"2018.05.09	-2.197	4.257	6.218"
"2018.05.02	6.218	1.117	2.170"
"2018.04.25	2.170	1.117	-1.071"
"2018.04.18	-1.071	2.488	3.306"
"2018.04.11	3.306	2.434	-4.617"
"2018.04.04	-4.617	-0.490	1.643"
"2018.03.28	1.643	1.200	-2.622"
"2018.03.21	-2.622	3.672	5.022"
"2018.03.14	5.022	2.718	2.408"
"2018.03.07	2.408	-0.529	3.019"
"2018.02.28	3.019	-1.202	-1.616"
"2018.02.22	-1.616	3.205	1.841"
"2018.02.14	1.841	1.769	1.895"
"2018.02.07	1.895	-1.330	6.776"
"2018.01.31	6.776	-1.998	-1.071"
"2018.01.24	-1.071	-6.247	-6.861"
"2018.01.18	-6.861	-5.680	-4.948"
"2018.01.10	-4.948	-5.898	-7.419"
"2018.01.04	-7.419	-5.423	-4.609"
"2017.12.28	-4.609	-5.504	-6.495"
"2017.12.20	-6.495	-4.457	-5.117"
"2017.12.13	-5.117	-3.007	-5.610"
"2017.12.06	-5.610	-0.675	-3.429"
"2017.11.29	-3.429	0.694	-1.855"
"2017.11.22	-1.855	0.461	1.854"
"2017.11.15	1.854	-0.433	2.237"
"2017.11.08	2.237	-2.342	-2.435"
"2017.11.01	-2.435	1.187	0.856"
"2017.10.25	0.856	-4.366	-5.731"
"2017.10.18	-5.731	-2.910	-2.747"
"2017.10.12	-2.747	0.579	-6.023"
"2017.10.04	-6.023	3.243	-1.846"
"2017.09.27	-1.846	-2.071	4.591"
"2017.09.20	4.591	-2.205	5.888"
"2017.09.13	5.888	-2.270	4.580"
"2017.09.07	4.580	-2.262	-5.392"
"2017.08.30	-5.392	-2.188	-3.327"
"2017.08.23	-3.327	-2.080	-8.945"
"2017.08.16	-8.945	-1.820	-6.451"
"2017.08.09	-6.451		-1.527"
"2017.08.02	-1.527		-7.208"
"2017.07.26	-7.208		-4.727"
"2017.07.19	-4.727		-7.564"
"2017.07.12	-7.564		-6.299"
"2017.07.06	-6.299		0.118"
"2017.06.28	0.118		-2.451"
"2017.06.21	-2.451		-1.661"
"2017.06.14	-1.661		3.295"
"2017.06.07	3.295		-6.428"
"2017.06.01	-6.428		-4.432"
"2017.05.24	-4.432		-1.753"
"2017.05.17	-1.753		-5.247"
"2017.05.10	-5.247		-0.930"
"2017.05.03	-0.930		-3.641"
"2017.04.26	-3.641		-1.034"
"2017.04.19	-1.034		-2.166"
"2017.04.12	-2.166		1.566"
"2017.04.05	1.566		0.867"
"2017.03.29	0.867		4.954"
"2017.03.22	4.954		-0.237"
"2017.03.15	-0.237		8.209"
"2017.03.08	8.209		1.501"
"2017.03.01	1.501		0.564"
"2017.02.23	0.564		9.527"
"2017.02.15	9.527		13.830"
"2017.02.08	13.830		6.466"
"2017.02.01	6.466		2.840"
"2017.01.25	2.840		2.347"
"2017.01.19	2.347		4.097"
"2017.01.11	4.097		-7.051"
"2017.01.05	-7.051		0.614"
"2016.12.29	0.614		2.256"
"2016.12.21	2.256		-2.563"
"2016.12.14	-2.563		-2.389"
"2016.12.07	-2.389		-0.884"
"2016.11.30	-0.884		-1.255"
"2016.11.23	-1.255		5.274"
"2016.11.16	5.274		2.432"
"2016.11.09	2.432		14.420"
"2016.11.02	14.420		-0.553"
"2016.10.26	-0.553		-5.247"
"2016.10.19	-5.247		4.900"
"2016.10.13	4.900		-2.976"
"2016.10.05	-2.976		-1.882"
"2016.09.28	-1.882		-6.200"
"2016.09.21	-6.200		-0.559"
"2016.09.14	-0.559		-14.513"
"2016.09.08	-14.513		2.276"
"2016.08.31	2.276		2.501"
"2016.08.24	2.501		-2.508"
"2016.08.17	-2.508		1.055"
"2016.08.10	1.055		1.413"
"2016.08.03	1.413		1.671"
"2016.07.27	1.671		-2.342"
"2016.07.20	-2.342		-2.546"
"2016.07.13	-2.546		-2.223"
"2016.07.07	-2.223		-4.053"
"2016.06.29	-4.053		-0.917"
"2016.06.22	-0.917		-0.933"
"2016.06.15	-0.933		-3.226"
"2016.06.08	-3.226		-1.366"
"2016.06.02	-1.366		-4.226"
"2016.05.25	-4.226		1.310"
"2016.05.18	1.310		-3.410"
"2016.05.11	-3.410		2.784"
"2016.05.04	2.784		1.999"
"2016.04.27	1.999		2.080"
"2016.04.20	2.080		6.634"
"2016.04.13	6.634		-4.937"
"2016.04.06	-4.937		2.299"
"2016.03.30	2.299		9.357"
"2016.03.23	9.357		1.317"
"2016.03.16	1.317		3.880"
"2016.03.09	3.880		10.374"
"2016.03.02	10.374		3.502"
"2016.02.24	3.502		2.147"
"2016.02.18	2.147		-0.754"
"2016.02.10	-0.754		7.792"
"2016.02.03	7.792		8.383"
"2016.01.27	8.383		3.979"
"2016.01.21	3.979		0.234"
"2016.01.13	0.234		-5.085"
"2016.01.06	-5.085		2.629"
"2015.12.30	2.629		-5.877"
"2015.12.23	-5.877		4.801"
"2015.12.16	4.801		-3.568"
"2015.12.09	-3.568		1.177"
"2015.12.02	1.177		0.961"
"2015.11.25	0.961		0.252"
"2015.11.18	0.252		4.224"
"2015.11.12	4.224		2.847"
"2015.11.04	2.847		3.376"
"2015.10.28	3.376		8.028"
"2015.10.21	8.028		7.562"
"2015.10.15	7.562		3.073"
"2015.10.07	3.073		3.955"
"2015.09.30	3.955		-1.925"
"2015.09.23	-1.925		-2.104"
"2015.09.16	-2.104		2.570"
"2015.09.10	2.570		4.667"
"2015.09.02	4.667		-5.452"
"2015.08.26	-5.452		2.620"
"2015.08.19	2.620		-1.682"
"2015.08.12	-1.682		-4.407"
"2015.08.05	-4.407		-4.203"
"2015.07.29	-4.203		2.468"
"2015.07.22	2.468		-4.346"
"2015.07.15	-4.346		0.384"
"2015.07.08	0.384		2.386"
"2015.07.01	2.386		-4.934"
"2015.06.24	-4.934		-2.676"
"2015.06.17	-2.676		-6.812"
"2015.06.10	-6.812		-1.948"
"2015.06.03	-1.948		-2.802"
"2015.05.28	-2.802		-2.674"
"2015.05.20	-2.674		-2.191"
"2015.05.13	-2.191		-3.882"
"2015.05.06	-3.882		1.910"
"2015.04.29	1.910		5.315"
"2015.04.22	5.315		1.294"
"2015.04.15	1.294		10.949"
"2015.04.08	10.949		4.766"
"2015.04.01	4.766		8.170"
"2015.03.25	8.170		9.622"
"2015.03.18	9.622		4.512"
"2015.03.11	4.512		10.303"
"2015.03.04	10.303		8.427"
"2015.02.25	8.427		7.716"
"2015.02.19	7.716		4.868"
"2015.02.11	4.868		6.333"
"2015.02.04	6.333		8.874"
"2015.01.28	8.874		10.071"
"2015.01.22	10.071		5.389"
"2015.01.14	5.389		-3.062"
"2015.01.07	-3.062		-1.754"
"2014.12.31	-1.754		7.267"
"2014.12.24	7.267		-0.847"
"2014.12.17	-0.847		1.454"
"2014.12.10	1.454		-3.689"
"2014.12.03	-3.689		1.946"
"2014.11.26	1.946		2.608"
"2014.11.19	2.608		-1.735"
"2014.11.13	-1.735		0.460"
"2014.11.05	0.460		2.061"
"2014.10.29	2.061		7.111"
"2014.10.22	7.111		8.923"
"2014.10.16	8.923		5.015"
"2014.10.08	5.015		-1.363"
"2014.10.01	-1.363		-4.273"
"2014.09.24	-4.273		3.673"
"2014.09.17	3.673		-0.972"
"2014.09.10	-0.972		-0.905"
"2014.09.04	-0.905		-2.070"
"2014.08.27	-2.070		-4.474"
"2014.08.20	-4.474		1.401"
"2014.08.13	1.401		-1.756"
"2014.08.06	-1.756		-3.697"
"2014.07.30	-3.697		-3.969"
"2014.07.23	-3.969		-7.525"
"2014.07.16	-7.525		-2.370"
"2014.07.09	-2.370		-3.155"
"2014.07.02	-3.155		1.742"
"2014.06.25	1.742		-0.579"
"2014.06.18	-0.579		-2.596"
"2014.06.11	-2.596		-3.431"
"2014.06.04	-3.431		1.657"
"2014.05.29	1.657		-7.226"
"2014.05.21	-7.226		0.947"
"2014.05.14	0.947		-1.781"
"2014.05.07	-1.781		1.698"
"2014.04.30	1.698		3.524"
"2014.04.23	3.524		10.013"
"2014.04.16	10.013		4.030"
"2014.04.09	4.030		-2.379"
"2014.04.02	-2.379		6.619"
"2014.03.26	6.619		5.850"
"2014.03.19	5.850		6.180"
"2014.03.12	6.180		1.429"
"2014.03.05	1.429		0.068"
"2014.02.26	0.068		0.973"
"2014.02.20	0.973		3.267"
"2014.02.12	3.267		0.440"
"2014.02.05	0.440		6.421"
"2014.01.29	6.421		0.990"
"2014.01.23	0.990		-7.658"
"2014.01.15	-7.658		-2.675"
"2014.01.08	-2.675		-7.007"
"2014.01.03	-7.007		-4.731"
"2013.12.27	-4.731		-2.941"
"2013.12.18	-2.941		-10.585"
"2013.12.11	-10.585		-5.585"
"2013.12.04	-5.585		2.953"
"2013.11.27	2.953		0.375"
"2013.11.20	0.375		2.640"
"2013.11.14	2.640		1.577"
"2013.11.06	1.577		4.087"
"2013.10.30	4.087		5.246"
"2013.10.23	5.246		3.999"
"2013.10.21	3.999		6.807"
"2013.10.09	6.807		5.472"
"2013.10.02	5.472		2.635"
"2013.09.25	2.635		-4.368"
"2013.09.18	-4.368		-0.219"
"2013.09.11	-0.219		-1.836"
"2013.09.05	-1.836		2.986"
"2013.08.28	2.986		-1.428"
"2013.08.21	-1.428		-2.812"
"2013.08.14	-2.812		-1.320"
"2013.08.07	-1.320		0.431"
"2013.07.31	0.431		-2.825"
"2013.07.24	-2.825		-6.902"
"2013.07.17	-6.902		-9.874"
"2013.07.10	-9.874		-10.347"
"2013.07.03	-10.347		0.018"
"2013.06.26	0.018		0.313"
"2013.06.19	0.313		2.523"
"2013.06.12	2.523		-6.267"
"2013.06.05	-6.267		3.000"
"2013.05.30	3.000		-0.338"
"2013.05.22	-0.338		-0.624"
"2013.05.15	-0.624		0.230"
"2013.05.08	0.230		6.696"
"2013.05.01	6.696		0.947"
"2013.04.24	0.947		-1.233"
"2013.04.17	-1.233		0.250"
"2013.04.10	0.250		2.707"
"2013.04.03	2.707		3.256"
"2013.03.27	3.256		-1.314"
"2013.03.20	-1.314		2.624"
"2013.03.13	2.624		3.833"
"2013.03.06	3.833		1.130"
"2013.02.27	1.130		4.143"
"2013.02.21	4.143		0.560"
"2013.02.13	0.560		2.623"
"2013.02.06	2.623		5.947"
"2013.01.30	5.947		2.813"
"2013.01.24	2.813		-0.951"
"2013.01.16	-0.951		1.314"
"2013.01.09	1.314		-11.120"
"2013.01.04	-11.120		-0.586"
"2012.12.28	-0.586		-0.964"
"2012.12.19	-0.964		0.843"
"2012.12.12	0.843		-2.357"
"2012.12.05	-2.357		-0.347"
"2012.11.28	-0.347		-1.466"
"2012.11.21	-1.466		1.089"
"2012.11.15	1.089		1.766"
"2012.11.07	1.766		-2.045"
"2012.11.01	-2.045		5.896"
"2012.10.24	5.896		2.860"
"2012.10.17	2.860		1.672"
"2012.10.11	1.672		-0.482"
"2012.10.03	-0.482		-2.446"
"2012.09.26	-2.446		8.534"
"2012.09.19	8.534		1.994"
"2012.09.12	1.994		-7.426"
"2012.09.06	-7.426		3.778"
"2012.08.29	3.778		-5.412"
"2012.08.22	-5.412		-3.699"
"2012.08.15	-3.699		-3.729"
"2012.08.08	-3.729		-6.522"
"2012.08.01	-6.522		2.717"
"2012.07.25	2.717		-0.809"
"2012.07.18	-0.809		-4.696"
"2012.07.11	-4.696		-4.270"
"2012.07.05	-4.270		-0.133"
"2012.06.27	-0.133		2.861"
"2012.06.20	2.861		-0.191"
"2012.06.13	-0.191		-0.111"
"2012.06.06	-0.111		2.213"
"2012.05.31	2.213		0.883"
"2012.05.23	0.883		2.128"
"2012.05.16	2.128		3.652"
"2012.05.09	3.652		2.840"
"2012.05.02	2.840		3.978"
"2012.04.25	3.978		3.856"
"2012.04.18	3.856		2.791"
"2012.04.11	2.791		9.009"
"2012.04.04	9.009		7.100"
"2012.03.28	7.100		-1.200"
"2012.03.21	-1.200		1.800"
"2012.03.14	1.800		0.800"
"2012.03.07	0.800		4.200"
"2012.02.29	4.200		1.600"
"2012.02.23	1.600		-0.200"
"2012.02.15	-0.200		0.300"
"2012.02.08	0.300		4.200"
"2012.02.01	4.200		3.600"
"2012.01.25	3.600		-3.400"
"2012.01.19	-3.400		5.000"
"2012.01.11	5.000		2.200"
"2012.01.05	2.200		3.900"
"2011.12.29	3.900		-10.600"
"2011.12.21	-10.600		-1.900"
"2011.12.14	-1.900		1.300"
"2011.12.07	1.300		3.900"
"2011.11.30	3.900		-6.200"
"2011.11.23	-6.200		-1.100"
"2011.11.16	-1.100		-1.400"
"2011.11.09	-1.400		1.800"
"2011.11.02	1.800		4.700"
"2011.10.26	4.700		-4.700"
"2011.10.19	-4.700		1.300"
"2011.10.13	1.300		-4.700"
"2011.10.05	-4.700		1.900"
"2011.09.28	1.900		-7.300"
"2011.09.21	-7.300		-6.700"
"2011.09.14	-6.700		-4.000"
"2011.09.08	-4.000		5.300"
"2011.08.31	5.300		-2.200"
"2011.08.24	-2.200		4.200"
"2011.08.17	4.200		-5.200"
"2011.08.10	-5.200		1.000"
"2011.08.03	1.000		2.300"
"2011.07.27	2.300		-3.700"
"2011.07.20	-3.700		-3.100"
"2011.07.13	-3.100		-0.900"
"2011.07.07	-0.900		-4.400"
"2011.06.29	-4.400		-1.700"
"2011.06.22	-1.700		-3.400"
"2011.06.15	-3.400		-4.800"
"2011.06.08	-4.800		2.900"
"2011.06.02	2.900		0.600"
"2011.05.25	0.600		0.000"
"2011.05.18	0.000		3.800"
"2011.05.11	3.800		3.400"
"2011.05.04	3.400		6.200"
"2011.04.27	6.200		-2.300"
"2011.04.20	-2.300		1.600"
"2011.04.13	1.600		2.000"
"2011.04.06	2.000		2.900"
"2011.03.30	2.900		2.100"
"2011.03.23	2.100		1.700"
"2011.03.16	1.700		2.500"
"2011.03.09	2.500		-0.400"
"2011.03.02	-0.400		0.800"
"2011.02.24	0.800		0.900"
"2011.02.16	0.900		1.900"
"2011.02.09	1.900		2.600"
"2011.02.02	2.600		4.800"
"2011.01.26	4.800		2.600"
"2011.01.20	2.600		-2.200"
"2011.01.12	-2.200		-4.200"
"2011.01.05	-4.200		-1.300"
"2010.12.30	-1.300		-5.300"
"2010.12.22	-5.300		-9.900"
"2010.12.15	-9.900		-3.800"
"2010.12.08	-3.800		1.100"
"2010.12.01	1.100		1.000"
"2010.11.24	1.000		-7.300"
"2010.11.17	-7.300		-3.300"
"2010.11.10	-3.300		2.000"
"2010.11.03	2.000		5.000"
"2010.10.27	5.000		0.700"
"2010.10.20	0.700		-0.400"
"2010.10.14	-0.400		3.100"
"2010.10.06	3.100		-0.500"
"2010.09.29	-0.500		1.000"
"2010.09.22	1.000		-2.500"
"2010.09.15	-2.500		-1.900"
"2010.09.09	-1.900		3.400"
"2010.09.01	3.400		4.100"
"2010.08.25	4.100		-0.800"
"2010.08.18	-0.800		-3.000"
"2010.08.11	-3.000		-2.800"
"2010.08.04	-2.800		7.300"
"2010.07.28	7.300		0.400"
"2010.07.21	0.400		-5.100"
"2010.07.14	-5.100		-5.000"
"2010.07.08	-5.000		-2.000"
"2010.06.30	-2.000		2.000"
"2010.06.23	2.000		1.700"
"2010.06.16	1.700		-1.800"
"2010.06.09	-1.800		-1.900"
"2010.06.03	-1.900		2.400"
"2010.05.26	2.400		0.200"
"2010.05.19	0.200		1.900"
"2010.05.12	1.900		2.800"
"2010.05.05	2.800		1.900"
"2010.04.28	1.900		1.900"
"2010.04.21	1.900		-2.200"
"2010.04.14	-2.200		2.000"
"2010.04.07	2.000		2.900"
"2010.03.31	2.900		7.300"
"2010.03.24	7.300		1.000"
"2010.03.17	1.000		1.400"
"2010.03.10	1.400		4.100"
"2010.03.03	4.100		3.000"
"2010.02.24	3.000		3.100"
"2010.02.18	3.100		2.400"
"2010.02.12	2.400		2.300"
"2010.02.03	2.300		-3.900"
"2010.01.27	-3.900		-0.400"
"2010.01.21	-0.400		3.700"
"2010.01.13	3.700		1.300"
"2010.01.06	1.300		-1.500"
"2009.12.30	-1.500		-4.900"
"2009.12.23	-4.900		-3.700"
"2009.12.16	-3.700		-3.800"
"2009.12.09	-3.800		2.100"
"2009.12.02	2.100		1.000"
"2009.11.25	1.000		-0.900"
"2009.11.18	-0.900		1.800"
"2009.11.12	1.800		-4.000"
"2009.11.04	-4.000		0.800"
"2009.10.28	0.800		1.300"
"2009.10.21	1.300		0.400"
"2009.10.15	0.400		-1.000"
"2009.10.07	-1.000		2.800"
"2009.09.30	2.800		2.800"
"2009.09.23	2.800		-4.700"
"2009.09.16	-4.700		-5.900"
"2009.09.10	-5.900		-0.400"
"2009.09.02	-0.400		0.200"
"2009.08.26	0.200		-8.400"
"2009.08.19	-8.400		2.500"
"2009.08.12	2.500		1.700"
"2009.08.05	1.700		5.100"
"2009.07.29	5.100		-1.800"
"2009.07.22	-1.800		-2.800"
"2009.07.15	-2.800		-2.900"
"2009.07.08	-2.900		-3.700"
"2009.07.01	-3.700		-3.800"
"2009.06.24	-3.800		-3.900"
"2009.06.17	-3.900		-4.400"
"2009.06.10	-4.400		2.900"
"2009.06.03	2.900		-5.400"
"2009.05.28	-5.400		-2.100"
"2009.05.20	-2.100		-4.700"
"2009.05.13	-4.700		0.600"
"2009.05.06	0.600		4.100"
"2009.04.29	4.100		3.900"
"2009.04.22	3.900		5.600"
"2009.04.15	5.600		1.700"
"2009.04.08	1.700		2.800"
"2009.04.01	2.800		3.300"
"2009.03.25	3.300		2.000"
"2009.03.18	2.000		0.700"
"2009.03.11	0.700		-0.700"
"2009.03.04	-0.700		0.700"
"2009.02.25	0.700		-0.200"
"2009.02.19	-0.200		4.700"
"2009.02.11	4.700		7.200"
"2009.02.04	7.200		6.200"
"2009.01.28	6.200		6.100"
"2009.01.22	6.100		1.200"
"2009.01.14	1.200		6.700"
"2009.01.07	6.700		0.500"
"2008.12.31	0.500		-3.100"
"2008.12.24	-3.100		0.500"
"2008.12.17	0.500		0.400"
"2008.12.10	0.400		-0.400"
"2008.12.03	-0.400		7.300"
"2008.11.26	7.300		1.600"
"2008.11.19	1.600		0.000"
"2008.11.13	0.000		0.000"
"2008.11.05	0.000		0.500"
"2008.10.29	0.500		3.200"
"2008.10.22	3.200		5.600"
"2008.10.16	5.600		8.100"
"2008.10.08	8.100		4.300"
"2008.10.01	4.300		-1.500"
"2008.09.24	-1.500		-6.300"
"2008.09.17	-6.300		-5.900"
"2008.09.10	-5.900		-1.900"
"2008.09.04	-1.900		-0.100"
"2008.08.27	-0.100		9.400"
"2008.08.20	9.400		-0.400"
"2008.08.13	-0.400		1.700"
"2008.08.06	1.700		-0.100"
"2008.07.30	-0.100		-1.600"
"2008.07.23	-1.600		3.000"
"2008.07.16	3.000		-5.900"
"2008.07.09	-5.900		-2.000"
"2008.07.02	-2.000		0.800"
"2008.06.25	0.800		-1.200"
"2008.06.18	-1.200		-4.600"
"2008.06.11	-4.600		-4.800"
"2008.06.04	-4.800		-8.800"
"2008.05.29	-8.800		-5.300"
"2008.05.21	-5.300		0.200"
"2008.05.14	0.200		5.700"
"2008.05.07	5.700		3.800"
"2008.04.30	3.800		2.400"
"2008.04.23	2.400		-2.400"
"2008.04.16	-2.400		-3.100"
"2008.04.09	-3.100		1.900"
"2008.04.02	1.900		0.100"
"2008.03.26	0.100		0.100"
"2008.03.19	0.100		6.200"
"2008.03.12	6.200		-3.100"
"2008.03.05	-3.100		3.200"
"2008.02.27	3.200		4.200"
"2008.02.21	4.200		1.100"
"2008.02.13	1.100		"
